{"cameraMode":{"drawMode":0,"name":"Shaded","section":"Shading Mode"},"sceneLighting":false,"audioPlay":false,"sceneViewState":{"showFog":true,"showMaterialUpdate":true,"showSkybox":false,"showFlares":true,"showImageEffects":true,"showParticleSystems":true},"in2DMode":false,"pivot":{"x":-1.5880975723266602,"y":-7.818351745605469,"z":-11.191665649414063},"rotation":{"x":-0.15261688828468324,"y":0.797439455986023,"z":-0.2261248528957367,"w":-0.5382139682769775},"size":15.655295372009278,"orthographic":false}