{"cameraMode":{"drawMode":0,"name":"Shaded","section":"Shading Mode"},"sceneLighting":false,"audioPlay":false,"sceneViewState":{"showFog":true,"showMaterialUpdate":true,"showSkybox":false,"showFlares":true,"showImageEffects":true,"showParticleSystems":true},"in2DMode":false,"pivot":{"x":-0.6518375873565674,"y":5.450019836425781,"z":-2.356313705444336},"rotation":{"x":-0.0008143901941366494,"y":0.9809854626655579,"z":-0.19406980276107789,"w":-0.004119788762181997},"size":4.487303733825684,"orthographic":false}